Apple 아이폰 13 256GB [자급제],"1,167,270원",https://cr.shopping.naver.com/adcr.nhn?x=STfoUkIbzgWBLK%2ByVC655f%2F%2F%2Fw%3D%3Dsdm5mIbsci5usIDJHKbtCvA1jA3w6Gfi0ALjFClBNF71WQE1WikGGRjsm7ORTamZ7mc3CFwSI7%2FwICYmHtDW9tnptx7bX2%2BBSxHY3KVFQOxtWesidKvCzq7DmausM87H%2F8sJShhne6Yab4gjbvJpegkPg%2F6PYJW9LpCSumzPJoiiI9aZyW4hhCgmcrsQhWGWG%2FjBmTqA4xW4sMIcltjwt3PKAXVfyDB1yTbVYYpYzcFnUHxlEatbmVq7jmztE%2Fywszmby7%2BfkFAFreHjnae3P5YJR6gV00gYoZaXd6deWodOAbCY81f975eS5nfR25FBiP83WAv8GAIoQ0MwLPWeb%2FYqvod3lFmU5V4Su88wd3%2FUVjQCpIk5kx4sJW2hrRfnKYYyQomAOCRwvaXv4BU13v%2F7G6gU%2BT04d9KDHq8TV%2FvGZzZyDfGo1SQoYRvXGDzWdJDnYvpfz%2Bh%2BZ6wVz3KJUXlU7hoT3oTlvWPL0X%2FR8212ZZd0C6e2Zyps4U6T5DErBOxilYCt%2Bs%2Fg5ZAbpoXoi2DEDCQohZ5g0qGqNQcDg15KtqaMHAJkj0DAJXiYJNZCZCXIMYKkzT061mzrwfgc%2F8M9u9sX%2FHJNiWnQpSsgZyzwDfkLIyuldBS3f8m8e6nLmzUhNzs2VE%2B%2Bisqs3JAEppg%3D%3D&nvMid=29029192591&catId=50001519
Apple 아이폰 13 프로 128GB [자급제],"1,084,680원",https://cr.shopping.naver.com/adcr.nhn?x=Cc4q56cexFBbyx62cncRYP%2F%2F%2Fw%3D%3DsxVQwqLqvLo2ZzrDBgcV2ueAQ6WnfAQQ%2BNMUeeUsBlAxWQE1WikGGRjsm7ORTamZ7hZFq1NDqnLdRSP18Fc7AdXptx7bX2%2BBSxHY3KVFQOxtWesidKvCzq7DmausM87H%2F8sJShhne6Yab4gjbvJpegkPg%2F6PYJW9LpCSumzPJoiiI9aZyW4hhCgmcrsQhWGWGwdrQOP9pRsgL9Xzjs9Fyk%2FKAXVfyDB1yTbVYYpYzcFnUHxlEatbmVq7jmztE%2Fywszmby7%2BfkFAFreHjnae3P5YJR6gV00gYoZaXd6deWodOAbCY81f975eS5nfR25FBiP83WAv8GAIoQ0MwLPWeb%2FdgdQuJ37CKvfHAx7vsV2RAVjQCpIk5kx4sJW2hrRfnKYYyQomAOCRwvaXv4BU13vxZCMZEaRWmpjeUjAQujE%2FSZzZyDfGo1SQoYRvXGDzWdJDnYvpfz%2Bh%2BZ6wVz3KJUXov5TurvHzcmsFW4yXHzYi0PVL%2B%2Frl5PLPXtI0kaP8PkmKdeEMdUbtmzDI4Aa7HQcdSxxJWA%2FjS3fXgbeCkvJ%2FKkSfYaY5Js%2BpMatRRpHHAoj%2FaM5nVf1rOXk0fVU4woW3X%2BaFtK21N3wjhR9vTPO2kDfkLIyuldBS3f8m8e6nLmzUhNzs2VE%2B%2Bisqs3JAEppg%3D%3D&nvMid=29030420587&catId=50001519
Apple 아이폰 13 미니 128GB [자급제],"689,080원",https://cr.shopping.naver.com/adcr.nhn?x=kfwdM1zTzAOCuNEntPpUlv%2F%2F%2Fw%3D%3DsipVaVDx3ucX24RliYsOu59eRER6N3X5wiRptIyGSyb1hJz9H0Ub4KLvuVTVtNMxMAHeEJHp34MRYo%2BB5gusmUNuGJeZQuqzecl6BLO1QXBD5OLh%2FdNMdQYXfKJMA7%2FKYx1v4qjIbt%2FCnSnL%2FdPEFJsi30QtKP1mA7BYZPpxeJLexWvZfe2todmJfmpbNrXnq2drsUEzev9hA0cDt%2BuxFM7ix7jXt7MNVc9AIu4EfDZlNEwRr%2B3STfYHGn%2FB5b3e4z3sCLaxgLZqMwCeDSb4Dz82vxYg23E1hnoneFgFUSITDpmNu2Rs3tEPrV0ZTODsbWqyaFa2xLbpwGCJChqMDqrchNeA737c0s9Gd8A6lL309Z0SeMqENQcl4GV2BeGrFK98KaIZa4VBE0V5wqYGSToVNdyc%2FVOyqtUcRZRa4W3YKdxpmR%2FOe9hARgxC56kTdfY6%2FHjXTWDbDzPbx50kyUctCCDv3O8qpgwhizJk%2FVqJxsF7LFolFgeQFlnrP8JWR8jR8gVF8FlQ9pItE8Zzc8mBb%2FmvR7FV%2FXXJd2t%2BGZOXGgXZd%2BAPmyRNQqMbmrRkO%2BgtF15PMkmjkNDmi88yMRT6tYjikjkK%2BtEihS7eivJtjtEEnHZo%2B%2FVuCJHvsmHjrDVCYCaeglF2rgr1u2OQIzQ%3D%3D&nvMid=29030650586&catId=50001519
Apple 아이폰 13 128GB [자급제],"1,045,900원",https://cr.shopping.naver.com/adcr.nhn?x=PDtkSi3vOYScYXe9Pg4x2P%2F%2F%2Fw%3D%3Ds9KZqOG6KRqnU2KIiGao0B5Dz1snn0JBRso%2FhkSrC2fdhJz9H0Ub4KLvuVTVtNMxM%2FPAh1LbcEskZg8mcuw22d9uGJeZQuqzecl6BLO1QXBD5OLh%2FdNMdQYXfKJMA7%2FKYx1v4qjIbt%2FCnSnL%2FdPEFJsi30QtKP1mA7BYZPpxeJLexWvZfe2todmJfmpbNrXnqNGdmVqT0qJ11casXr%2FJUjrix7jXt7MNVc9AIu4EfDZlNEwRr%2B3STfYHGn%2FB5b3e4z3sCLaxgLZqMwCeDSb4Dz82vxYg23E1hnoneFgFUSITDpmNu2Rs3tEPrV0ZTODsbWqyaFa2xLbpwGCJChqMDqkCPcM5YnJT23OEpd8JVFe09Z0SeMqENQcl4GV2BeGrFK98KaIZa4VBE0V5wqYGSTmI6iLiAs0zautEwUlnXThIKdxpmR%2FOe9hARgxC56kTdfY6%2FHjXTWDbDzPbx50kyUWTxOmmJoNkbbp88rJE6BIci5HSrzhhCOMWuXdZxvGXvk9L6rt0SOVsUsc5EylGdlf6GnWnt7Wfi0P5v41S7pbyhYZ%2FhI%2FkN84je6k%2F%2BbfyXwK5IvvuXBQyBDZOK%2BIQIt9ikEbuDFEKxbEqVNDxLY4HHICEQpPL7Rm%2B2fyhjEhHR&nvMid=29030374587&catId=50001519
Apple 아이폰 13 프로 256GB [자급제],"1,415,500원",https://cr.shopping.naver.com/adcr.nhn?x=zeihcgISoG2nKBYFAs8Ul%2F%2F%2F%2Fw%3D%3DsxZacAbAe%2BSeCQwAEOnW3BXIN0Ejz7F3D6m4OnECupTEbsBKbbjTB%2BBCjsLv6tz%2Bj6U1XDbuO%2BHn7lzGPE086Iu2djcqhPIYTYEzBDThOm6aMBTdSG%2FNhLb9GrEWe2QUvnCoTq5%2BmQX6YTbS2yPt9vEgAn8lD2%2BxrgblrBqYwPdWug%2B9sjA7rHdeMLkY%2BwIMUBoJ3D2%2FUDVKv9Br5lu%2FNPDQZD6UDT51Dg8nNb9lI8fV%2BFLPJmN7kd5F0maTGsL0coM%2BISFWlG0cQk2OnLTY0xr0MiNQg5DXUp2od7KTGrCJD4P%2Bj2CVvS6QkrpszyaIoCuwrUM2Vi5bq9fxYHuPhKRLN%2BkmZUVx%2FfVNSSNCTUHFUqe546u1ZXmdwWXRs90xa2HvQrG1q57G6KIPveES%2FyKkZgR9eJVddBLdFrEFkv1OD5Nr68hVNdNJQnD8kyTvgRcd%2B1iMq84hOD7Olqw7vxE%2FS734Z%2FTZmXm6tOkbefL3uY50xg6ShjmxU8oRUZBg0y%2F5xiDZEmKfndsQAGO1A52bkfmeOeQlTPzVvmNf%2FYivK1lozlLESNxTUEk4L7tMFYnHIcETcJifOE8sb44IMxQyc%2F2alG2K3ief99y4y%2F5KU6pb7znHR%2Fun7HqtuWk0DgqgOvq6z5EpEI5N2xav1Mg%3D%3D&nvMid=29030492586&catId=50001519
Apple 아이폰 13 미니 256GB [자급제],"1,056,210원",https://cr.shopping.naver.com/adcr.nhn?x=Sz%2FTZ2S3xlR7g%2F0mh2RQGP%2F%2F%2Fw%3D%3Dsm746vpzPgZVcGZY8bQx%2FHmw%2FCaQfhGU2Cf24fqjXeWcbsBKbbjTB%2BBCjsLv6tz%2BjmPxyW6fRJmYYJt1I6%2FtVekcapS2%2FYu6S624eoQNe%2FPiMBTdSG%2FNhLb9GrEWe2QUvnCoTq5%2BmQX6YTbS2yPt9vEgAn8lD2%2BxrgblrBqYwPdWug%2B9sjA7rHdeMLkY%2BwIMUdRFHqaZwu7z86DCBOMgIITQZD6UDT51Dg8nNb9lI8fV%2BFLPJmN7kd5F0maTGsL0coM%2BISFWlG0cQk2OnLTY0xr0MiNQg5DXUp2od7KTGrCJD4P%2Bj2CVvS6QkrpszyaIoCuwrUM2Vi5bq9fxYHuPhKZyISZhX0nD%2FJ69vR9pWSMqNizWLq5HGzBhMxxJrQn%2FQ2HvQrG1q57G6KIPveES%2FyJ5JhDUJLsihXttPze5cpt6S%2FZg%2BfknjNJqRVjbbbjpQRcd%2B1iMq84hOD7Olqw7vxAvjwiuIVmVWpP5pRh7n9mzuY50xg6ShjmxU8oRUZBg0y%2F5xiDZEmKfndsQAGO1A53h0jbplsmhSEtz941%2FowAcPZZpaUpPeCTP95wx0BvX7YnHIcETcJifOE8sb44IMxRLjVM%2F6HOFC3zU0ucBA%2Bb3U0MqGPBsqZVbVeOkm5zwqgqgOvq6z5EpEI5N2xav1Mg%3D%3D&nvMid=29030437590&catId=50001519
Apple 아이폰 13 프로 맥스 256GB [자급제],"1,548,500원",https://cr.shopping.naver.com/adcr.nhn?x=ac5q7MTU9NnXQDJJuCjEgv%2F%2F%2Fw%3D%3Ds61kkkqHnodjbx2j1HjHT7VQ061PqVkPit1GP3HoWssJhJz9H0Ub4KLvuVTVtNMxMtMdL%2FLHWeeai6%2F%2FY30MHqNuGJeZQuqzecl6BLO1QXBD5OLh%2FdNMdQYXfKJMA7%2FKYx1v4qjIbt%2FCnSnL%2FdPEFJsi30QtKP1mA7BYZPpxeJLexWvZfe2todmJfmpbNrXnqiTiHgV17tngZX6ODLdebGbix7jXt7MNVc9AIu4EfDZlNEwRr%2B3STfYHGn%2FB5b3e4z3sCLaxgLZqMwCeDSb4Dz82vxYg23E1hnoneFgFUSITDpmNu2Rs3tEPrV0ZTODsbWqyaFa2xLbpwGCJChqMDqqgVznSvjoMR%2FmbI2bdOyUg9Z0SeMqENQcl4GV2BeGrFK98KaIZa4VBE0V5wqYGSTjeqk%2BBsB166xykQyV5I24cKdxpmR%2FOe9hARgxC56kTdfY6%2FHjXTWDbDzPbx50kyUd5TwUlrPPAA7xkROGh7c%2FLeTuCvlyKpp82280%2FjeyCzQ%2F5BTDuLO7E8eLG3O1110L2joxsTLXUmX9Jy9y68R2w7KbuLv287QjaK4noS6jLeT8AlxSYkXaLH96LNyv1p9R0TdCVSMrGJNuBVHsTylQdtcv1%2F5YL3VJ0nJMzqYuOfaGimR4pR27mrh1IoDTOSgA%3D%3D&nvMid=29030294588&catId=50001519
Apple 아이폰 13 프로 512GB [자급제],"1,672,000원",https://cr.shopping.naver.com/adcr.nhn?x=XAb2n%2F%2F8ubppdtM2WBrrAf%2F%2F%2Fw%3D%3Ds17KjAyBEpeTGGyRpX044I%2F2682f3Nnf56K2lTQseaFQbsBKbbjTB%2BBCjsLv6tz%2Bjq2z51d180NrnnTEoLF6hO7LHfrFAgkkCBnLkdQdl8O2MBTdSG%2FNhLb9GrEWe2QUvnCoTq5%2BmQX6YTbS2yPt9vEgAn8lD2%2BxrgblrBqYwPdWug%2B9sjA7rHdeMLkY%2BwIMU%2F7r9owRKQwA1obAu19o%2FvDQZD6UDT51Dg8nNb9lI8fV%2BFLPJmN7kd5F0maTGsL0coM%2BISFWlG0cQk2OnLTY0xr0MiNQg5DXUp2od7KTGrCJD4P%2Bj2CVvS6QkrpszyaIoCuwrUM2Vi5bq9fxYHuPhKTak6bmrqv4skOkTvOCr%2FILTV1GnXb8uUDJJ2ZiAxvta2HvQrG1q57G6KIPveES%2FyKDMeRbYCP3ZBYzicha1En2EXu7h4MjRd1l7DPQRwepaRcd%2B1iMq84hOD7Olqw7vxE%2FS734Z%2FTZmXm6tOkbefL3WK5oXes95q%2BdZQZQMyRbyy%2F5xiDZEmKfndsQAGO1A5zIMOUZ6w7USGwedR%2B6Iw%2B3K4OeZ6bC18XXDsAIqroxwYnHIcETcJifOE8sb44IMxdveqq4dqZ7vgCvH4rCgJS97cVV0r0HgjWAX05InsD%2B1gqgOvq6z5EpEI5N2xav1Mg%3D%3D&nvMid=29030416587&catId=50001519
Apple 아이폰 13 프로 맥스 128GB [자급제],"1,415,500원",https://cr.shopping.naver.com/adcr.nhn?x=lg9jSR5It%2BmIr3CXF1NWKf%2F%2F%2Fw%3D%3DsQVKgEL1afDVg4fw4iFrMRJEhRLNqQCs0d0R8IFzz05kbsBKbbjTB%2BBCjsLv6tz%2BjhwQTRW5l8oWog2WXU0pdi4Kgz0xWvBKD1ZVdkLTWjE%2BMBTdSG%2FNhLb9GrEWe2QUvnCoTq5%2BmQX6YTbS2yPt9vEgAn8lD2%2BxrgblrBqYwPdWug%2B9sjA7rHdeMLkY%2BwIMUnr7qtY8dVn8btdAmR5NIrzQZD6UDT51Dg8nNb9lI8fV%2BFLPJmN7kd5F0maTGsL0coM%2BISFWlG0cQk2OnLTY0xr0MiNQg5DXUp2od7KTGrCJD4P%2Bj2CVvS6QkrpszyaIoCuwrUM2Vi5bq9fxYHuPhKS%2FRbjdtfgXQ3n0Q3%2B9Mfq9ARVGH4SO7h%2BRYJeMogsB92HvQrG1q57G6KIPveES%2FyCCamIo%2BNqs17PXp9dYhs4WEXu7h4MjRd1l7DPQRwepaRcd%2B1iMq84hOD7Olqw7vxE%2FS734Z%2FTZmXm6tOkbefL2JIMzerS%2BXYeMr7K0OLQeKz1OqZ7Rgrq4bv1fLqJ02IeV%2BjAdyXW5waITovEGNprKhBlqw4bKa94OdNc%2FmeMs43Zc3N18KuQd5wyLd940SYGvLJ4lqTaWphCTXtCENQ4AnjKPb6skBtEmxUHCBvwZQ5Hv1T%2FoDPeAT2ZD%2BWCfnsQ%3D%3D&nvMid=29030367587&catId=50001519
Apple 아이폰 13 미니 512GB [자급제],"1,319,200원",https://cr.shopping.naver.com/adcr.nhn?x=dxRyruF4rvZiZowwdQEldv%2F%2F%2Fw%3D%3DsCvFOfyQlr4KYIo%2FhzwhxhKMQMxK7lfhq4UybHUry2FAbsBKbbjTB%2BBCjsLv6tz%2BjJ%2BPd5idgZH%2F7id4nBC9o8HKSOJJaTOn%2FOw7ooThpwMaMBTdSG%2FNhLb9GrEWe2QUvnCoTq5%2BmQX6YTbS2yPt9vEgAn8lD2%2BxrgblrBqYwPdWug%2B9sjA7rHdeMLkY%2BwIMUq27XJlSixqK%2BeCw1YH8CQTQZD6UDT51Dg8nNb9lI8fV%2BFLPJmN7kd5F0maTGsL0coM%2BISFWlG0cQk2OnLTY0xr0MiNQg5DXUp2od7KTGrCJD4P%2Bj2CVvS6QkrpszyaIoCuwrUM2Vi5bq9fxYHuPhKe3FWksMcxEjkMf5WX7Xtr%2FNJt8nU2AepHUTPSjZ5J5%2B2HvQrG1q57G6KIPveES%2FyEAibPgVR0YeSg1rotZVQ%2FCEXu7h4MjRd1l7DPQRwepaRcd%2B1iMq84hOD7Olqw7vxAvjwiuIVmVWpP5pRh7n9mzWK5oXes95q%2BdZQZQMyRbyy%2F5xiDZEmKfndsQAGO1A525LxeFpQ1oUKGyXcFhzU7%2B8dzJ%2Fr%2B%2B4O%2FkLuRfyNnb%2BYnHIcETcJifOE8sb44IMxUzBHPBBqb5E7jUE5Ia2iI%2BuEhqZxrYT0K%2FmBHsWAxXzDhLBwu%2FFQS5xWYf5w6G3jQ%3D%3D&nvMid=29030296587&catId=50001519
Apple 아이폰 13 프로 맥스 512GB [자급제],"1,805,000원",https://cr.shopping.naver.com/adcr.nhn?x=Wbho%2Boe878VqSOg%2BHzw1jP%2F%2F%2Fw%3D%3DsKMsaRI59Vsi%2BcZrQonXLryrl%2Bj5q2ACwx8MYynIn4c9hJz9H0Ub4KLvuVTVtNMxMvkbDQFGDWY6JsB1XCsIHftuGJeZQuqzecl6BLO1QXBD5OLh%2FdNMdQYXfKJMA7%2FKYx1v4qjIbt%2FCnSnL%2FdPEFJsi30QtKP1mA7BYZPpxeJLexWvZfe2todmJfmpbNrXnqmD3tRrdK1cFWEMxpF2wcAbix7jXt7MNVc9AIu4EfDZlNEwRr%2B3STfYHGn%2FB5b3e4z3sCLaxgLZqMwCeDSb4Dz82vxYg23E1hnoneFgFUSITDpmNu2Rs3tEPrV0ZTODsbWqyaFa2xLbpwGCJChqMDqmFiH1UDRMIFcQ%2BPAz%2FFkas9Z0SeMqENQcl4GV2BeGrFK98KaIZa4VBE0V5wqYGSTqp3rVWgsqRVklwV69meP4UKdxpmR%2FOe9hARgxC56kTdfY6%2FHjXTWDbDzPbx50kyUd5TwUlrPPAA7xkROGh7c%2FIK4mYDXh%2BGup489PkxjDsfQ%2F5BTDuLO7E8eLG3O1110L2joxsTLXUmX9Jy9y68R2yzXSnm0cNdmSh84KflwZ02T8AlxSYkXaLH96LNyv1p9cUmOQZO0OvxWm6f7s5fhuikgm%2Fi7TJz9EYNLq7lZnNVzY6of2Xpggjm6A4Z8HgJhg%3D%3D&nvMid=29029192586&catId=50001519
Apple 아이폰 13 프로 1TB [자급제],"1,928,500원",https://cr.shopping.naver.com/adcr.nhn?x=RyQ%2FJ9mTrEZc4%2BU0Z2a2Vv%2F%2F%2Fw%3D%3DsvNuG6%2F4T4qFp4806jZ%2FZAT1QMnT5r38MZlMUBwYG7opWQE1WikGGRjsm7ORTamZ7DkRi1qOjvLFKYpHeiCydJHptx7bX2%2BBSxHY3KVFQOxtWesidKvCzq7DmausM87H%2F8sJShhne6Yab4gjbvJpegkPg%2F6PYJW9LpCSumzPJoiiI9aZyW4hhCgmcrsQhWGWG4P666JAigMTzVZ%2Bn3tMVP%2FKAXVfyDB1yTbVYYpYzcFnUHxlEatbmVq7jmztE%2Fywszmby7%2BfkFAFreHjnae3P5YJR6gV00gYoZaXd6deWodOAbCY81f975eS5nfR25FBiP83WAv8GAIoQ0MwLPWeb%2FXHCeR02Y2N0bartEvMy9HQVjQCpIk5kx4sJW2hrRfnKYYyQomAOCRwvaXv4BU13v1ijlu%2F1Ad8hDkCoCM3G0VuZzZyDfGo1SQoYRvXGDzWdJDnYvpfz%2Bh%2BZ6wVz3KJUXpApXj%2FgdhHWz1aGeJzNhLPlE80KNwbfNxekQsGJejRksTXhzeKkynwlV5iG42bUw1aLbkKxSIBZkeQr2pfPgAaVZOiWA1GaCiEBXa9v1avGJYV%2Fcv6vblaGAWe5Ac4mOITPylEL8Om4f6JC89HsX99Xc50eBITwugSNPH3Ok09sVpGw61BSdoQRvEGgfFlc5w%3D%3D&nvMid=29029192588&catId=50001519
Apple 아이폰 13 미니 256GB [LG U+],"350,000원",https://cr.shopping.naver.com/adcr.nhn?x=ntsATN3w73%2BslKs462bB4P%2F%2F%2Fw%3D%3Ds3dkYEqWcFhJ4sBf3NyCIT43mH0KOD4jhJMiKarmtxBRhJz9H0Ub4KLvuVTVtNMxMSz5HR%2B20NiU61Ze%2FJkVlkduGJeZQuqzecl6BLO1QXBD5OLh%2FdNMdQYXfKJMA7%2FKYx1v4qjIbt%2FCnSnL%2FdPEFJsi30QtKP1mA7BYZPpxeJLexWvZfe2todmJfmpbNrXnq7r8%2BMjx%2B1KQXJkem2XwtE7ix7jXt7MNVc9AIu4EfDZlNEwRr%2B3STfYHGn%2FB5b3e4z3sCLaxgLZqMwCeDSb4Dz82vxYg23E1hnoneFgFUSITDpmNu2Rs3tEPrV0ZTODsbWqyaFa2xLbpwGCJChqMDqlThecPyLkP0z7Ha0Z5Adek9Z0SeMqENQcl4GV2BeGrFwu4MT6sJGdDPz84qqx16D6GGriSp6wL4CwjEZFBoKkwKdxpmR%2FOe9hARgxC56kTdfY6%2FHjXTWDbDzPbx50kyURem8dI%2B1%2Bz0DteaIIx6oLNPJ5Cu9OOR3XG14JdkLoZkQbJE2qH6sAOiEA%2FCWTmW%2B0S7%2Fp8x6%2FrunBUglU8apqtJWUy9fvMzT%2B%2BEep6CmbqkjXh5XLjrT8%2FyXF1Uhdiu401d%2BIETa%2B8fGBlTIt%2BGYqBXc50eBITwugSNPH3Ok09sVpGw61BSdoQRvEGgfFlc5w%3D%3D&nvMid=29030376589&catId=50000248
Apple 아이폰 13 프로 128GB [LG U+],"561,700원",https://cr.shopping.naver.com/adcr.nhn?x=tfQsDGeHiiItTFfNaNwO0v%2F%2F%2Fw%3D%3Dsem334hNKjCT1%2BKxZPoiuP7H6wNvK8xjiE%2BQHjO%2Bidj9hJz9H0Ub4KLvuVTVtNMxMzT7AiJllKHmEzyyBvhESSduGJeZQuqzecl6BLO1QXBD5OLh%2FdNMdQYXfKJMA7%2FKYx1v4qjIbt%2FCnSnL%2FdPEFJsi30QtKP1mA7BYZPpxeJLexWvZfe2todmJfmpbNrXnqg7gKiQG8MTIItSW%2BDJaVQrix7jXt7MNVc9AIu4EfDZlNEwRr%2B3STfYHGn%2FB5b3e4z3sCLaxgLZqMwCeDSb4Dz82vxYg23E1hnoneFgFUSITDpmNu2Rs3tEPrV0ZTODsbWqyaFa2xLbpwGCJChqMDqvg1NM%2BndWgq3GPNnHykr6A9Z0SeMqENQcl4GV2BeGrFwu4MT6sJGdDPz84qqx16D6rkNhJI4npPYc4BChO47qsKdxpmR%2FOe9hARgxC56kTdfY6%2FHjXTWDbDzPbx50kyUZ51qr3E4Hnuiv4ZhWDHnDs%2BYS%2F%2BLHYOR26DZYLoloGYQbJE2qH6sAOiEA%2FCWTmW%2B9FoOVdqStd7TXjjiCIFlN8q%2FdEkXGcjHX66aBI1YI8pBBBpMFYH7i%2Fmxm9%2BXGJctSECVArD%2F1SR2EpXocCJfBJWhZ3SMHTcLlpircdRzUgq1JIslBmdxaTx7xO1%2BPPoWw%3D%3D&nvMid=29030175590&catId=50000248
Apple 아이폰 13 미니 128GB [LG U+],"218,000원",https://cr.shopping.naver.com/adcr.nhn?x=ba777JVrZ4oVOEaszSAiBv%2F%2F%2Fw%3D%3Dsqa3ttQGzPn1eLZvt%2Bzad8KtAz5eq59fbIlmghK4kx7phJz9H0Ub4KLvuVTVtNMxM%2B4LO1YSA3tfbgAWgzVT6etuGJeZQuqzecl6BLO1QXBD5OLh%2FdNMdQYXfKJMA7%2FKYx1v4qjIbt%2FCnSnL%2FdPEFJsi30QtKP1mA7BYZPpxeJLexWvZfe2todmJfmpbNrXnq%2BhHtf9UPvVuecHCypfH0H7ix7jXt7MNVc9AIu4EfDZlNEwRr%2B3STfYHGn%2FB5b3e4z3sCLaxgLZqMwCeDSb4Dz82vxYg23E1hnoneFgFUSITDpmNu2Rs3tEPrV0ZTODsbWqyaFa2xLbpwGCJChqMDqmFE4KXVEhOuAnnTvwQBXbU9Z0SeMqENQcl4GV2BeGrFwu4MT6sJGdDPz84qqx16D7FzrfWw9foYrFRnhEJrILEKdxpmR%2FOe9hARgxC56kTdfY6%2FHjXTWDbDzPbx50kyUctCCDv3O8qpgwhizJk%2FVqI%2BYS%2F%2BLHYOR26DZYLoloGYQbJE2qH6sAOiEA%2FCWTmW%2ByUD24IwLwj6eniph6nDxZZDE0NeKHCi6hcN76oyBZqSa4mJBeKQVvWEWsuXyfvDHBlkRtgC%2BlxMQ04em6X1ugxWhZ3SMHTcLlpircdRzUgq1JIslBmdxaTx7xO1%2BPPoWw%3D%3D&nvMid=29030431586&catId=50000248
Apple 아이폰 13 프로 맥스 1TB [자급제],"2,061,500원",https://cr.shopping.naver.com/adcr.nhn?x=EMh4uiKx7FkZyEAAIR4OOv%2F%2F%2Fw%3D%3DssxeQUJVh3Ms1wGkDoEBUHguX6oWQiFTlb7IMI3kmq0RWQE1WikGGRjsm7ORTamZ7y03v9YWPTy5niOwpwQz%2F5nptx7bX2%2BBSxHY3KVFQOxtWesidKvCzq7DmausM87H%2F8sJShhne6Yab4gjbvJpegkPg%2F6PYJW9LpCSumzPJoiiI9aZyW4hhCgmcrsQhWGWGqB%2BYf8KVu5Lizs8e93TFS%2FKAXVfyDB1yTbVYYpYzcFnUHxlEatbmVq7jmztE%2Fywszmby7%2BfkFAFreHjnae3P5YJR6gV00gYoZaXd6deWodOAbCY81f975eS5nfR25FBiP83WAv8GAIoQ0MwLPWeb%2Ffq3WzfuuwcR2SpEkJQfK3gVjQCpIk5kx4sJW2hrRfnKYYyQomAOCRwvaXv4BU13v%2B8SxnxmnoKSl%2Fxt25Y%2BdUyZzZyDfGo1SQoYRvXGDzWdJDnYvpfz%2Bh%2BZ6wVz3KJUXsds9B%2BMUzAQtFYI3wiD8cZeFvd5PWkdcpwADrJCxojkhOBUHb0ZqO6MTkr8MsJnIfj5%2F9P7BRYsI0%2B0uQbEdBPkf%2BCndWpXL8G4HojJ18dQEaThcwm2jOjlPe7qD4n465DDxAQ2pFi5qnpL0lOHM%2FNhBvLLsixU58C%2FlzFDDIP7gqgOvq6z5EpEI5N2xav1Mg%3D%3D&nvMid=29029192590&catId=50001519
Apple 아이폰 13 512GB [자급제],"1,359,000원",https://cr.shopping.naver.com/adcr.nhn?x=322HQLPLlSB%2BPPIREL0%2BEv%2F%2F%2Fw%3D%3DsxNiERoKmmDWhWlCXSjlhKR8Laif5FICMESjaw9m6tplhJz9H0Ub4KLvuVTVtNMxMhiIof0TTbrVceWlIW%2BaKZduGJeZQuqzecl6BLO1QXBD5OLh%2FdNMdQYXfKJMA7%2FKYx1v4qjIbt%2FCnSnL%2FdPEFJsi30QtKP1mA7BYZPpxeJLexWvZfe2todmJfmpbNrXnqMp%2F9XPfjTZN93E2a1T98erix7jXt7MNVc9AIu4EfDZlNEwRr%2B3STfYHGn%2FB5b3e4z3sCLaxgLZqMwCeDSb4Dz82vxYg23E1hnoneFgFUSITDpmNu2Rs3tEPrV0ZTODsbWqyaFa2xLbpwGCJChqMDql9gZ%2BptBrZb6B9Vm7q%2Fi7g9Z0SeMqENQcl4GV2BeGrFK98KaIZa4VBE0V5wqYGSTjuzzd0vTGV%2BoogMwQu7hsUKdxpmR%2FOe9hARgxC56kTdfY6%2FHjXTWDbDzPbx50kyUSzIns4LX4%2BrGqDI%2BdO%2Fp68i5HSrzhhCOMWuXdZxvGXvk9L6rt0SOVsUsc5EylGdlXzIWmZWfaEidsiH%2F8oM4e6hYZ%2FhI%2FkN84je6k%2F%2BbfyXjHbngYGRGDbpl%2FQKUKYUonH%2FAOnPEcGKAerwymLr%2BAjke%2FVP%2BgM94BPZkP5YJ%2Bex&nvMid=29030496586&catId=50001519
Apple 아이폰 13 프로 256GB [LG U+],"785,000원",https://cr.shopping.naver.com/adcr.nhn?x=EYqlrI4nIETcI6rLfnwci%2F%2F%2F%2Fw%3D%3DsHuXd1OvzB9Sw%2F0MF%2FlokqlFdrQ8kJMaqShlmxB5vJp5WQE1WikGGRjsm7ORTamZ7zz3YMGmsLyw7CI%2BXrfT4Xnptx7bX2%2BBSxHY3KVFQOxtWesidKvCzq7DmausM87H%2F8sJShhne6Yab4gjbvJpegkPg%2F6PYJW9LpCSumzPJoiiI9aZyW4hhCgmcrsQhWGWG1qpTT70Ggsw7BdaCH1Z5mvKAXVfyDB1yTbVYYpYzcFnUHxlEatbmVq7jmztE%2Fywszmby7%2BfkFAFreHjnae3P5YJR6gV00gYoZaXd6deWodOAbCY81f975eS5nfR25FBiP83WAv8GAIoQ0MwLPWeb%2FXjrgfp%2Bw5Ln3tZiWAJ%2F%2FjwVjQCpIk5kx4sJW2hrRfnKqwZ9aKCnp%2BOD2OzgCp1jz%2FCFTvMPs8reyXJy9QfCQCqZzZyDfGo1SQoYRvXGDzWdJDnYvpfz%2Bh%2BZ6wVz3KJUXpoSJ4YK%2FhmXub29GG%2B9WM7pLKfV7lHXkGfYNhWiUOPtINRw1QNF%2FOPJXb5%2B358LYC6Km03F9UvbE12aMzOUxhvvW2q1ZBpuV%2F%2FvtKUgTGHnLPgZS2Cidwe52oAEpJ9mdoYvemXWPtnZfjpl05PPNiHNjqh%2FZemCCOboDhnweAmG&nvMid=29030415586&catId=50000248
Apple 아이폰 13 128GB [LG U+],"379,000원",https://cr.shopping.naver.com/adcr.nhn?x=olwSmx5PTm%2BMyvJMpOswff%2F%2F%2Fw%3D%3Ds%2FgmBZGYfSaSfC0AAIcECqHkvdDhRexm%2Fn07ljT6mdthhJz9H0Ub4KLvuVTVtNMxMcW6Gmb3f7gqWdD16EuDNnduGJeZQuqzecl6BLO1QXBD5OLh%2FdNMdQYXfKJMA7%2FKYx1v4qjIbt%2FCnSnL%2FdPEFJsi30QtKP1mA7BYZPpxeJLexWvZfe2todmJfmpbNrXnqYKFZZuluUMYgcwBfGEHeObix7jXt7MNVc9AIu4EfDZlNEwRr%2B3STfYHGn%2FB5b3e4z3sCLaxgLZqMwCeDSb4Dz82vxYg23E1hnoneFgFUSITDpmNu2Rs3tEPrV0ZTODsbWqyaFa2xLbpwGCJChqMDqrHBGQe79dq8Y1ktSpwKOao9Z0SeMqENQcl4GV2BeGrFwu4MT6sJGdDPz84qqx16D4vl5IjopFlnJrLQNezAUt8KdxpmR%2FOe9hARgxC56kTdfY6%2FHjXTWDbDzPbx50kyUdTrOFOzBTy0R0%2B9Qe69JyoOTnITeXUIiGAT3tHOc0GbTKo5CnlLrO%2BPacbML5XxESj3jaRBmKQBTtQPgj2zD9yIDf9TYDOC4LzgCehLsur5B%2Bov06x9lwtq73aCKWk%2Ft1pqt3mWR718SMzvcYah1BmFbDf4gHI5rSMJU1BWcIOg&nvMid=29030372586&catId=50000248
Apple 아이폰 13 프로 맥스 256GB [LG U+],"932,800원",https://cr.shopping.naver.com/adcr.nhn?x=wBN6AE0mQEyZJzga400vqf%2F%2F%2Fw%3D%3DsImLQ%2Fbza5wf6FrmaRE5jMWZpOnLDo2NeO1%2FuWSUUTUMbsBKbbjTB%2BBCjsLv6tz%2BjZZ%2BSuhd5e9F1fLSnGVrc%2FliynHaAkAecuV3qRAFwQeGMBTdSG%2FNhLb9GrEWe2QUvnCoTq5%2BmQX6YTbS2yPt9vEgAn8lD2%2BxrgblrBqYwPdWug%2B9sjA7rHdeMLkY%2BwIMU0nYCIitiLlu%2FFmiEv68MvzQZD6UDT51Dg8nNb9lI8fV%2BFLPJmN7kd5F0maTGsL0coM%2BISFWlG0cQk2OnLTY0xr0MiNQg5DXUp2od7KTGrCJD4P%2Bj2CVvS6QkrpszyaIoCuwrUM2Vi5bq9fxYHuPhKcHzG%2F6PnvoV526gU8RfC%2F8K2gUrSPX9IQEaHUAS8ruO5adVVOd36sZSkwU%2FrusCgoqqw%2B5rBVd6tPKAzTsXVJWD5Nr68hVNdNJQnD8kyTvgRcd%2B1iMq84hOD7Olqw7vxE%2FS734Z%2FTZmXm6tOkbefL2R7VFzZNPOsAPWlJTSi1RP%2BWGy5ca2oGmiEF%2BpCQwY%2FA%2BkJGYwmXDDU0eI3k5l%2BOUKonMqQoecjXt%2BepsnFywYDWrhHEcp0p%2F%2FKKziu53PdCYI%2BuvUZKaS5%2FZ9ZfV%2BOIPYdmVn6Qdi91dreDA9kR9fy1Vhq%2FH77x9Zlr1IFzyuow%3D%3D&nvMid=29030190586&catId=50000248
Apple 아이폰 13 256GB [LG U+],"522,000원",https://cr.shopping.naver.com/adcr.nhn?x=xIgayCHhsCL8J9IyPEV53v%2F%2F%2Fw%3D%3DsVlK36DHU6RJSbw72v7%2F1kV1G7N%2FFz9Fe16Q5WmgWdE9WQE1WikGGRjsm7ORTamZ7LtrQbu4CPbUjwHfL3lpCB3ptx7bX2%2BBSxHY3KVFQOxtWesidKvCzq7DmausM87H%2F8sJShhne6Yab4gjbvJpegkPg%2F6PYJW9LpCSumzPJoiiI9aZyW4hhCgmcrsQhWGWGTwEWDiIsnrxQmvtZfIOOBfKAXVfyDB1yTbVYYpYzcFnUHxlEatbmVq7jmztE%2Fywszmby7%2BfkFAFreHjnae3P5YJR6gV00gYoZaXd6deWodOAbCY81f975eS5nfR25FBiP83WAv8GAIoQ0MwLPWeb%2Few%2BiFNfPIt43R2KjU3449MVjQCpIk5kx4sJW2hrRfnKqwZ9aKCnp%2BOD2OzgCp1jz%2FGW2anIyHZIVTotknLDdbKZzZyDfGo1SQoYRvXGDzWdJDnYvpfz%2Bh%2BZ6wVz3KJUXkdSV8PFp%2FMe%2BHpYjkWRFSWE4FQdvRmo7oxOSvwywmchIIZ55pdplXDHuICwkuS4gEPffZ3gLTHWdqrh42O1AkUSzxwVRNV%2FYRemZK5z1sCEqiqahH6sSG4dwl9QOTrJlbnH52KRZQ3aIMAqV%2BHrjWMdHI8FZtQVGFZJxOyBDKc%2B&nvMid=29030189588&catId=50000248
Apple 아이폰 13 미니 512GB [LG U+],"672,100원",https://cr.shopping.naver.com/adcr.nhn?x=v3KLYP2cH%2B2xF42%2BGoUlR%2F%2F%2F%2Fw%3D%3DsJhDs4ubpIZMBSakCwwRDwv%2FnsauLYSRZeMH4E925ByZWQE1WikGGRjsm7ORTamZ7jOyIvrr6K2HSwLfV%2Bn34Hnptx7bX2%2BBSxHY3KVFQOxtWesidKvCzq7DmausM87H%2F8sJShhne6Yab4gjbvJpegkPg%2F6PYJW9LpCSumzPJoiiI9aZyW4hhCgmcrsQhWGWGXCy5AzzvlVMr8iZpAmv1CfKAXVfyDB1yTbVYYpYzcFnUHxlEatbmVq7jmztE%2Fywszmby7%2BfkFAFreHjnae3P5YJR6gV00gYoZaXd6deWodOAbCY81f975eS5nfR25FBiP83WAv8GAIoQ0MwLPWeb%2Faf14BhM69C%2BZF5rOVYcjcEVjQCpIk5kx4sJW2hrRfnKqwZ9aKCnp%2BOD2OzgCp1jz8EsQbQiydNMVS%2BMskboW1%2BZzZyDfGo1SQoYRvXGDzWdJDnYvpfz%2Bh%2BZ6wVz3KJUXmUbYPV0N%2BSR2v48tmtAQjPpLKfV7lHXkGfYNhWiUOPtINRw1QNF%2FOPJXb5%2B358LYOyBelrKLl0HNjSMpYTIChfvW2q1ZBpuV%2F%2FvtKUgTGHngdWpGrkSgUi8v%2BMDvadM49KU%2BcdH1iDUR2HRQhQBYIDHICEQpPL7Rm%2B2fyhjEhHR&nvMid=29030419586&catId=50000248
Apple 아이폰 13 프로 512GB [LG U+],"1,066,900원",https://cr.shopping.naver.com/adcr.nhn?x=WVbeALqf9GRra1Q%2FpNBTEv%2F%2F%2Fw%3D%3DsncLTe4iogJmpHFNUqD9L%2F%2BpNCh2OxbJurxYoa3kgXHwbsBKbbjTB%2BBCjsLv6tz%2Bj0kXOR9A4FCmBsnAR8tJLCy%2BKCbRNVNEiYNKPuSJvKLOMBTdSG%2FNhLb9GrEWe2QUvnCoTq5%2BmQX6YTbS2yPt9vEgAn8lD2%2BxrgblrBqYwPdWug%2B9sjA7rHdeMLkY%2BwIMUmRDWhNotjbnuwU%2BcfNUqnjQZD6UDT51Dg8nNb9lI8fV%2BFLPJmN7kd5F0maTGsL0coM%2BISFWlG0cQk2OnLTY0xr0MiNQg5DXUp2od7KTGrCJD4P%2Bj2CVvS6QkrpszyaIoCuwrUM2Vi5bq9fxYHuPhKeG7NoFq2kb3K%2Bka8gaytDwH%2Bl4KjDEq94VfxzCzC8FV5adVVOd36sZSkwU%2FrusCgnIEHm%2BT2T6Vv9FbR%2FxspbaD5Nr68hVNdNJQnD8kyTvgRcd%2B1iMq84hOD7Olqw7vxE%2FS734Z%2FTZmXm6tOkbefL1SFvmOnbZDuSNlZXHFOiPVuwP9L0j7YvHB2OKNn2rLcGK2%2Fwz8ElH7ShZNqAaeJO%2BC0mtW2wmvhWv9%2FrnQBbpE%2BgtF15PMkmjkNDmi88yMRZUC8fzWtDXj3hUbZ0xSOGD0UbNk5di1V8jUMbmtHii%2FBq7h9PA5SrIXrcWPClBGWw%3D%3D&nvMid=29030295586&catId=50000248
Apple 아이폰 13 프로 맥스 128GB [LG U+],"793,900원",https://cr.shopping.naver.com/adcr.nhn?x=gGm6AxSN%2FVvOondRfMPrHv%2F%2F%2Fw%3D%3DsRouyo%2BFOMfwZwaOoi8Si9A1qmYSnMO2uQPH9%2Bx9L11NWQE1WikGGRjsm7ORTamZ7lDIyJ%2FrxS6vp1AogE%2FHj4Xptx7bX2%2BBSxHY3KVFQOxtWesidKvCzq7DmausM87H%2F8sJShhne6Yab4gjbvJpegkPg%2F6PYJW9LpCSumzPJoiiI9aZyW4hhCgmcrsQhWGWGxThvsaGr%2Fa3dcgYtXiYoe%2FKAXVfyDB1yTbVYYpYzcFnUHxlEatbmVq7jmztE%2Fywszmby7%2BfkFAFreHjnae3P5YJR6gV00gYoZaXd6deWodOAbCY81f975eS5nfR25FBiP83WAv8GAIoQ0MwLPWeb%2FTshlIGsdhIWvW9iX5vX294VjQCpIk5kx4sJW2hrRfnKqwZ9aKCnp%2BOD2OzgCp1jz5%2FkNvLRmoqSylEA1IFQlxqZzZyDfGo1SQoYRvXGDzWdJDnYvpfz%2Bh%2BZ6wVz3KJUXsds9B%2BMUzAQtFYI3wiD8cYj3vMZqXtQIE3PxEMRuDlN8jR8gVF8FlQ9pItE8Zzc8sM83sL%2Bx9itWxVNuowU47DHNrSz8x95cIce5x8g7Qha%2BgtF15PMkmjkNDmi88yMRTMNOgeVGEKhiAKJcbPesUT0UbNk5di1V8jUMbmtHii%2FBq7h9PA5SrIXrcWPClBGWw%3D%3D&nvMid=29030352586&catId=50000248
Apple 아이폰 13 512GB [LG U+],"800,800원",https://cr.shopping.naver.com/adcr.nhn?x=yldpaHBs0JeahHYqIhI4Qv%2F%2F%2Fw%3D%3DskbBvE5gmaYxWmRrfDPyjiheddPDX%2BffhqEiSGmmvRp9hJz9H0Ub4KLvuVTVtNMxM2IldJ%2F68Uq0TMdxWLtfBcNuGJeZQuqzecl6BLO1QXBD5OLh%2FdNMdQYXfKJMA7%2FKYx1v4qjIbt%2FCnSnL%2FdPEFJsi30QtKP1mA7BYZPpxeJLexWvZfe2todmJfmpbNrXnqJg934XoEkbAciqCMIan0C7ix7jXt7MNVc9AIu4EfDZlNEwRr%2B3STfYHGn%2FB5b3e4z3sCLaxgLZqMwCeDSb4Dz82vxYg23E1hnoneFgFUSITDpmNu2Rs3tEPrV0ZTODsbWqyaFa2xLbpwGCJChqMDqmj2zM1bWa9kdHrXgvIyHT09Z0SeMqENQcl4GV2BeGrFwu4MT6sJGdDPz84qqx16DyXx2CHMt3N9MJvCYgJNI64KdxpmR%2FOe9hARgxC56kTdfY6%2FHjXTWDbDzPbx50kyUeUXa2YYIrHCPbTlWFTTxsAOTnITeXUIiGAT3tHOc0GbTKo5CnlLrO%2BPacbML5XxEfBKx1mGfR317l33KRQJqUGIDf9TYDOC4LzgCehLsur5PYZ5mO7s1Ly6bub8nqsObiG9WCioskVj70KnXHjRFzWFbDf4gHI5rSMJU1BWcIOg&nvMid=29030296586&catId=50000248
Apple 아이폰 13 프로 맥스 512GB [LG U+],"1,321,000원",https://cr.shopping.naver.com/adcr.nhn?x=71KsDzOP6cXBsyP1dc7aif%2F%2F%2Fw%3D%3Dspu9ZSkUKOyFBWV5cTVuZr5T2vjBOGz6BsLzKLISZlVlWQE1WikGGRjsm7ORTamZ7eZAzkQv%2B8szwgsYzERoDlnptx7bX2%2BBSxHY3KVFQOxtWesidKvCzq7DmausM87H%2F8sJShhne6Yab4gjbvJpegkPg%2F6PYJW9LpCSumzPJoiiI9aZyW4hhCgmcrsQhWGWGu52btaJn1DX5MN1%2BFeF7CPKAXVfyDB1yTbVYYpYzcFnUHxlEatbmVq7jmztE%2Fywszmby7%2BfkFAFreHjnae3P5YJR6gV00gYoZaXd6deWodOAbCY81f975eS5nfR25FBiP83WAv8GAIoQ0MwLPWeb%2FUOluQXY%2FXStFKmRrXO1N%2FoVjQCpIk5kx4sJW2hrRfnKqwZ9aKCnp%2BOD2OzgCp1jz%2Fd8vsxL16XFHWX6ZKKXTdaZzZyDfGo1SQoYRvXGDzWdJDnYvpfz%2Bh%2BZ6wVz3KJUXsds9B%2BMUzAQtFYI3wiD8cZlE3yTZ7kdFga0NlZ5aucV8jR8gVF8FlQ9pItE8Zzc8uSvx%2BbyYNIA8k2MpesCUw%2FVSpBrb9WCwF3xvEiMnPARjr%2Fvhuz%2FM2bOeEg7k3nONdIWg1n0x27PPLY8DNm4%2FkOXPfLkMxHc5Th%2BcFMW%2FMiAQdAiJdwXirBRdnaxfvrBbw%3D%3D&nvMid=29030181590&catId=50000248
Apple 아이폰 13 프로 맥스 1TB [LG U+],"1,580,200원",https://cr.shopping.naver.com/adcr.nhn?x=2H%2FTlxv12Kfz2EOawx4z7%2F%2F%2F%2Fw%3D%3DsH3T2PmNqUOQinTe013lPplnTykhQN4uK31X%2FjZ%2B%2BFf8bsBKbbjTB%2BBCjsLv6tz%2Bjyu7%2BKf%2BtfYHcuFvzaRgqbxKY9Xp%2BOeaUwsLSRwSEGweMBTdSG%2FNhLb9GrEWe2QUvnCoTq5%2BmQX6YTbS2yPt9vEgAn8lD2%2BxrgblrBqYwPdWug%2B9sjA7rHdeMLkY%2BwIMUv%2FiyLKIYZJmYdqtV06rV7DQZD6UDT51Dg8nNb9lI8fV%2BFLPJmN7kd5F0maTGsL0coM%2BISFWlG0cQk2OnLTY0xr0MiNQg5DXUp2od7KTGrCJD4P%2Bj2CVvS6QkrpszyaIoCuwrUM2Vi5bq9fxYHuPhKQU%2BSQ7YQuLEnfkscNOfUtC%2BqddQmPr%2BBlmFJSusPUNs5adVVOd36sZSkwU%2FrusCgtaY3new9lBdga9mXDoiuxqEXu7h4MjRd1l7DPQRwepaRcd%2B1iMq84hOD7Olqw7vxE%2FS734Z%2FTZmXm6tOkbefL3NmNeNtmyU90ZP2IshItgWmlPajaisdEHNdTMLgTpRZhjq0%2F6db1IzRS1vt1JNKotIZiv0aVAMETk0VNR60kGKiA3%2FU2AzguC84AnoS7Lq%2BSDzWcHqDqaQIcDx5WcDzEQp%2Boq%2BmMVOptdLHd4ROH4MhWw3%2BIByOa0jCVNQVnCDoA%3D%3D&nvMid=29030181587&catId=50000248
Apple 아이폰 13 프로 1TB [LG U+],"1,426,200원",https://cr.shopping.naver.com/adcr.nhn?x=a98T9Lt7WOneu8Y468%2B1P%2F%2F%2F%2Fw%3D%3DskB%2FiHXrY8PXQ%2FmftEAQyYwhVoHPaSbVTrO0pqawcLhdhJz9H0Ub4KLvuVTVtNMxMgGkZ%2Fp%2FFnQ2rzXtJTIFvf9uGJeZQuqzecl6BLO1QXBD5OLh%2FdNMdQYXfKJMA7%2FKYx1v4qjIbt%2FCnSnL%2FdPEFJsi30QtKP1mA7BYZPpxeJLexWvZfe2todmJfmpbNrXnqXjTaYLCBU0RKnrlIKcfhorix7jXt7MNVc9AIu4EfDZlNEwRr%2B3STfYHGn%2FB5b3e4z3sCLaxgLZqMwCeDSb4Dz82vxYg23E1hnoneFgFUSITDpmNu2Rs3tEPrV0ZTODsbWqyaFa2xLbpwGCJChqMDqlwoVdUGc4f%2FhaJkJeJoiZ09Z0SeMqENQcl4GV2BeGrFwu4MT6sJGdDPz84qqx16D1erT3qRIV%2BLaCnOeFqzgoYKdxpmR%2FOe9hARgxC56kTdfY6%2FHjXTWDbDzPbx50kyUa%2BYPDMD9m7la%2BI9awrbzM7%2FzaVgfXndF2fkBs0qzZTvfpF8bfclcJjAeddKIqLqoO%2BL4nYoYTAYgwT1bI50lZw5chMN%2BIA7kxll6nAF1aD12cF1cujtD%2FQF7IKWC%2BQIfoVVsGa1KpDLkhddyIhEaNlXc50eBITwugSNPH3Ok09sVpGw61BSdoQRvEGgfFlc5w%3D%3D&nvMid=29030294586&catId=50000248
애플 APLLE 아이폰13 미니 128GB 미개봉 미개통 새상품,"748,900원",https://cr.shopping.naver.com/adcr.nhn?x=c2u5ZHHepXPkWF4g%2Fu1zxv%2F%2F%2Fw%3D%3Ds32eYPaCSMxyiHo8S%2BcQrutl8J2We98osbO91PN0A59dhJz9H0Ub4KLvuVTVtNMxM8iI5CSyedDiYRCucv%2Fxh7NuGJeZQuqzecl6BLO1QXBD5OLh%2FdNMdQYXfKJMA7%2FKYsBHVo045PLZvAAOnSYKvJSS3wIiOr3YtmM%2F3i%2BtSjwsecXWF1oTp6yntjphAHq0gJnOGC4HAhQ%2FXm0DuyiyG%2BjYVWLHDIo%2FSfS0hpZFFt7cqDGpq5dGnC%2Bl2ydG57tM1al4oVSFtXynR83lGsOd3GA3m6G2o1Y6xVauIEOE9AEOhvX3j6pEAyz2gd%2B26qwY8ZXOj9WGo5ybPz0ODFj%2FgO8HPv45Edr5fvvv%2FlTzZa4VVdEjmYZx%2BYX%2BtjSrh1v1CdgEQ6WGttlKhme7EOr2ffFd%2BqILAG09hjAR1K3qLYkDJ6kUBcMdWcXHNkWLcxuScIDzHiMsdBTSS0xUH%2BjVc5dmF31XZwEfckvwCqJGtFjrSx%2BKllSgNUnumllJmwU8f7g6npCqT8CODNIGdCweW93%2BnjH2zUQbj3yJNx9FBSeuKctKm0QMNuMQToaFuuhkoUqKFZOEJlrGLJWbf6v4A9tcQt3iKX%2F1TJ0FdOW%2BR6BJ8CXl251OpmWizflz2KEWcvToKDhvw9%2Fzk2CGoaY3ce6gT8A%2BB102YmZ86o8wyCh3HICEQpPL7Rm%2B2fyhjEhHR&nvMid=28958072688&catId=50001519
애플 아이폰13 미니 128GB 미개통 미개봉 새상품,"689,080원",https://cr.shopping.naver.com/adcr.nhn?x=r2g27Jm%2Fa2rUFo9C01cZ6v%2F%2F%2Fw%3D%3DsvrKt75nNKHKD2GrWgJB6uv%2FKNpsDeGZFLb4mai%2F2P6lWQE1WikGGRjsm7ORTamZ7Pqs8xigxMCmyoCInWbQPP3ptx7bX2%2BBSxHY3KVFQOxtWesidKvCzq7DmausM87H%2Fkbzz9B73gBAZBOzjdppFgSzztiNeGgmURYtyCzXs5b1mr4EFsEVCLW6Te2g0uzPz1OkKO%2F3GytvvwCAobEAAdUEzCrFtxK0B6nAh5ICWsEEr9sAWYQRiPYfhKQnV9d5dbynxoBdZv2ocKjTHzk7ENbdEBDWBVw0RlzrN2KxzOREkx63w5Tb7Pcz2gZr1HMMsHMl6eeQ05zCNN%2BbD2qrm0Vg7gCbqmWxpcdI7rnSPXIU%2Fa18qhDQ1A%2FKJp3fgBDor391W%2FC1w5SVs2sYtTdFSevXss8mojPgaVFf1rv5yX7yEK2NvEM%2FWRC3BknrwO3ABYYyQomAOCRwvaXv4BU13v0tBhpHe8jkAwD3aMkPFgN33jZy8j83hl%2FBESvnOERYxb7Jt0nmOjdaPmX88zpnowpzYoj3slmS7vA1eQERRQ2bchzhl%2B6nwoiSk0VjrkfXT3MWsvX7g03E2ehQuOqzPOWzpXOopBYb7qNRjAmS64FbFwfglE6mdn9aXqTv%2BFWpRq%2B1QG9%2BhKxA%2B8QzplZRlOjtfKociHaxBpBqlM1fx10T1YJx0Brqp%2FX7pnqgHE%2BMvA35CyMrpXQUt3%2FJvHupy5s1ITc7NlRPvorKrNyQBKaY%3D&nvMid=30036817618&catId=50001519
APLLE 아이폰13 미니 128GB 미개봉 미개통 새상품,"700,230원",https://cr.shopping.naver.com/adcr.nhn?x=GG3nuFCT0GUoNXSw0XJDY%2F%2F%2F%2Fw%3D%3DszfSHkpm9e8vOxAAn1w%2BFfcLcAWm8AhHzw019s0Vx4hAbsBKbbjTB%2BBCjsLv6tz%2BjdxwKi6UDOcMQyievBXqTS4r7sqLEk%2Fv2jo9JICVxxleMBTdSG%2FNhLb9GrEWe2QUv%2FuC9QvowE4k8%2BCJjYbi1NS8ffQLw1x%2F8Lf5s6Y8TBIHXkj%2BZW%2F1lJfgqvRvZaBhRXPXx6QtWonu6nlx8BnTpB%2FCWvWtsqkji4HyYFvLmkbb871gLh0mUc6NzRcjZ2eMLcU5ZNhORn7mQb9atcmxtZFVd6Z%2BmZ5fvTALbBBPmfKLmnGLANk9TjQtjOEdf9xG%2FETUyChoemFI6ELDq8upqrzYt8dQA%2FckMajNg50PSAP5sXg5lUvZD9zC7Fi9WJJOHDd0OujDsCdo0tB36qPBkj3GEtpQy7w0lktcE%2FCahqmrSx%2BKllSgNUnumllJmwU8f7g6npCqT8CODNIGdCweW93%2BnjH2zUQbj3yJNx9FBSeuKctKm0QMNuMQToaFuuhkooCcaNfXa3ESVFbAkeXQC1242YwuS4s0Bz%2F%2By4XQAlX98CXl251OpmWizflz2KEWcS7a5rPaSaTASCgJytdVCTL%2FvO%2FdoB%2FXiMvhV6B0BtcTHICEQpPL7Rm%2B2fyhjEhHR&nvMid=28956594759&catId=50001519
아이폰 13 자급제 128GB 핑크 MLPH3KH/A,"1,057,518원",https://cr.shopping.naver.com/adcr.nhn?x=TopOf%2FDVnVEp%2FWBYnxe7Xf%2F%2F%2Fw%3D%3Ds2Ic%2FGag15Km7BJArjr1OntWcjAmNwH8rgZhIr1jEui9hJz9H0Ub4KLvuVTVtNMxMLifae2t7VQ%2F5xHTCEzsJKduGJeZQuqzecl6BLO1QXBD5OLh%2FdNMdQYXfKJMA7%2FKYsBHVo045PLZvAAOnSYKvJSTGCD9Vz5n4ms8MDGQoS0OXy0ZyPizqqSo9HPLc4z9c4hc4ZJ3NkiIjCIDc210DIW5y7SRxszUEnl9A8PZ9w2WorYoLP33X0ay3h2id35cpW0W7fEggyYTMgSGtXVNQKj2VzrDljkPVLL9xux9BY9Ph9vu9FEflEpAuM6uVeLx7hmeWtJmvw8M90EK%2Bzy5a1yVdN3LpKf%2FbKuiZi7z1XJTdTBjS21awfIp%2BKr6eh%2F3VjQwYCsuWJ4tn8tOrSxoMgX%2BUucnAxrsG3xHb9QOpCsJTWNgH5SgeGCXo4iyptAirrEkkLYqoAQ2Md2QSJjT%2BW%2B0fDzkeyJ6VkbPpjAtUYZ7LXsojaUJJ6ZWQx3KhiNev2X1gKuzWtr1auHVD4qeXDdVJxRu%2BcsTgWMu4k6E0YlJJttuvmYTBVFdwwHNL6XoCX4JAFl6RDStVoXuYAd5mnMvTtug4vCjEvohqOyQz59nL9sbCfFUZR%2Bc4CbP6b7l%2FM6NYd2efNhGwD2Evxg6XSM2OqH9l6YII5ugOGfB4CYY%3D&nvMid=29609866919&catId=50001519
APLLE 아이폰13 미니 128GB 미개통 미개봉 새상품,"688,990원",https://cr.shopping.naver.com/adcr.nhn?x=Ucmz7W69QlVVfxg0ZNbRjf%2F%2F%2Fw%3D%3Ds%2B84o6pR%2FDno1q44Jl6cg3oZLvhj1cOAeAYC3UumnSn9hJz9H0Ub4KLvuVTVtNMxMg9mfkY261v4coJEpQykiJduGJeZQuqzecl6BLO1QXBD5OLh%2FdNMdQYXfKJMA7%2FKYsBHVo045PLZvAAOnSYKvJe0JZ4vKXq2xVuFay0gNbwiO%2FsdgQE5FIA0Tw1QMogpF2%2BMoVCCsVKy2QhO%2Forh%2FzejbkKjGoc08jvmzOp6ZUI8gIEJ4RDmr02a6A%2BYcrpLrM8OkYitpuK2na6nToNpF%2BLngnxQ7ssMZd09T0OjyjIxearTBvydD1LUI3JWpCADIyCKuhrMowQgZ%2B7rCAXaJca8Z9xYKAeeXusGxMgRxJ0RG5oNHYusRcUPC9Om1jnCRw6NzklBzzRfS9v6rahE2LEQpbEKB26vEFYoUVEN2HQgxnxE623vf3bJ3JQYDVdZQelA0wRfdVk%2ByBrTG7mtBu9xPuXLEzn9RKdZ0ccbjEyhJ5I%2F0WJpz%2BikM6D7MA9%2FT5AyJApnTc8YMbU3AcfxP6L1jZv%2BA5KLx3cYEp6LmWv4aIbT4wPT2RVq4kndhIVrUoJ6RDimbaXzvjzcs8EUAU5b59iTP7iJiZIpXdOFn74DLVWGr8fvvH1mWvUgXPK6j&nvMid=29003990842&catId=50001519
아이폰13 프로 맥스 256G 미개통 미개통 새상품,"1,384,510원",https://cr.shopping.naver.com/adcr.nhn?x=D6ODrAcV2bjABki0YwPsOP%2F%2F%2Fw%3D%3DsVTLP8O446q%2FS1%2FdzyMZqYKMqMBK3TjmFAiugI1gi8p5hJz9H0Ub4KLvuVTVtNMxMkiFYkPfvx%2BxHMY4TMY4VCNuGJeZQuqzecl6BLO1QXBD5OLh%2FdNMdQYXfKJMA7%2FKYsBHVo045PLZvAAOnSYKvJe0JZ4vKXq2xVuFay0gNbwiO%2FsdgQE5FIA0Tw1QMogpFA4r33slsA5imjhCz459kwkYtHz55npaheKFGTCSDXFAgIEJ4RDmr02a6A%2BYcrpLrM8OkYitpuK2na6nToNpF%2BLngnxQ7ssMZd09T0OjyjIxearTBvydD1LUI3JWpCADIjxQeNS1KKjGiMbNWK8iRoa8Z9xYKAeeXusGxMgRxJ0SpIETcI%2BnVZ%2FG1lvkhJuZiz2MEn3LjYbLEMx53FddNJZHCYQVNLk1ucTY4Z7EtU4V85nI129bb9uYt%2Btyez2b1aUa0smJ4Z2PdKrZ3wK2J%2FBqtVBREURq1BdznOl6Op8pJ5I%2F0WJpz%2BikM6D7MA9%2FTY6Io6fsLVgOXlJKvvOg17cG7vGwIJdaJPcb%2FijoOTzSPBimPDZwOttZjcrwUclZ9Hh3D24pa8lorrST8%2F9XxiNIcIFhSTLNrIPv8cuaeRrBoaKZHilHbuauHUigNM5KA&nvMid=29564863115&catId=50001519
Apple 아이폰 13 Pro 자급제 256GB 실버,"1,443,810원",https://cr.shopping.naver.com/adcr.nhn?x=wan8ntLaLVStG5QIuig0Zv%2F%2F%2Fw%3D%3DsWAhfT0j0KQlZ8ERN4t9ZHGz4VBxgog0N1MMmKVOHjaVWQE1WikGGRjsm7ORTamZ7Xscotu6pMiSAtYwAiL0Uznptx7bX2%2BBSxHY3KVFQOxtWesidKvCzq7DmausM87H%2FsoCswxjIhhHM3YZtAYyTo3zmYN%2Fcvl75AGnByk2TjWEm5OY6%2FBA05LWPXaqTF3xXnI3Q%2FuFm111yFJnQ1iq5B812WLu%2F7%2Beay82t10ZeJk%2FxJM9hh3jyGEx0ew1ZSlJO5vnwpWmwY%2Fy4BUDCEyDW5ci92edTFwzQqIICzUjd40pABzUTULvu6q0wOo3PQDgIM8OkYitpuK2na6nToNpF%2BLngnxQ7ssMZd09T0OjyjIxearTBvydD1LUI3JWpCADIDcTt4D6eWEqcvvDM%2Fn9NTkBbuLFgulyyqMzVBE5Ho7FhjJCiYA4JHC9pe%2FgFTXe%2FhLO8b5iUkvHP7sSBGTxTjmUdtgOqeBpHQeUxIe1ruqz%2FmRuoCAlNwBprgb%2BlQN9S6cgq3318Zviknoy%2F02%2BvPQvIgMOg6c345KYh61VieeUfksuHl5HZ5LZhnvs9wZ4vpjcDY2hCvGAHb8kV7ELVMdoHmPCyHrOyoP4JkT2nrpX97kdtfalzRgAiMv0gWhkqqrMF3cdhk%2BZQANIajigBQkpCgrD%2BdaQzrMoB6%2FS3j%2BkGruH08DlKshetxY8KUEZb&nvMid=29698384640&catId=50001519
아이폰13 미니 128GB 새상품 미개통 미개봉,"830,610원",https://cr.shopping.naver.com/adcr.nhn?x=W%2B9gBjEHlgqPqTyhUK9Y4f%2F%2F%2Fw%3D%3DsbjsNIhZiv%2FcLusJ5JnqEge3j%2FNX2orbRzFvZFtV3d%2FxhJz9H0Ub4KLvuVTVtNMxMgKpXNDbPHBK3f%2FOKL1p6uNuGJeZQuqzecl6BLO1QXBD5OLh%2FdNMdQYXfKJMA7%2FKYsBHVo045PLZvAAOnSYKvJSTGCD9Vz5n4ms8MDGQoS0OXy0ZyPizqqSo9HPLc4z9cWm7PqFOuakGoOyTyjnvns2jJLLmowtlUVawj6y8kOSGorYoLP33X0ay3h2id35cpW0W7fEggyYTMgSGtXVNQKj2VzrDljkPVLL9xux9BY9Ph9vu9FEflEpAuM6uVeLx7hmeWtJmvw8M90EK%2Bzy5a1yVdN3LpKf%2FbKuiZi7z1XJSDST8gwqDD%2BxPFnbYZGtL1lNuh%2FAxg%2FskJsjdcghlb%2FH%2BUucnAxrsG3xHb9QOpCsLuyu%2FG%2FHiZeK28XUeq46ArrQ58Y454B%2FVWuzv5Aj%2F85oHORR4iSZyt%2BZ9soezygAxCMV39aPl7GEJsuSh03ksQDuYYeZsAw2IK0Buh57duNQ7FJxhWTRyr6pgJNjaN0KDQU8SrFbBKH0x8VXZM1T5vt%2B5s8jL6wDKVo6ejWAvP8toHmPCyHrOyoP4JkT2nrpWpXJWHPwgqoZSVP7OlznQ1LjQbTQFupjjuvClN%2Fk5pnfaSgehchUyzp3hc3HNmR%2FcGruH08DlKshetxY8KUEZb&nvMid=29940304020&catId=50001519
Apple 아이폰 13 자급제 128GB 블루,"1,057,300원",https://cr.shopping.naver.com/adcr.nhn?x=p%2F8plJm3BQ7othfImnwSQf%2F%2F%2Fw%3D%3DsUTS%2BfkiQeLLayDEaUT4HAgjeur1%2FebnXXRRrRSuUHK9WQE1WikGGRjsm7ORTamZ7s2rvOtNT9OKcWyy1PQySv3ptx7bX2%2BBSxHY3KVFQOxtWesidKvCzq7DmausM87H%2FsoCswxjIhhHM3YZtAYyTo3zmYN%2Fcvl75AGnByk2TjWEm5OY6%2FBA05LWPXaqTF3xXnI3Q%2FuFm111yFJnQ1iq5B%2BLVKHEOPeUzp6G3G8y7cPNDOnpYUYxjU%2Fyaq3BbaEwsJLnKOMDqeReprYHAqWsVcnMKoQpV%2FxBo5fzRc7UtvB0XUKMPBesaxlSh2Ku932v%2BM8OkYitpuK2na6nToNpF%2BLngnxQ7ssMZd09T0OjyjIxearTBvydD1LUI3JWpCADIm%2Bkatv05fNfBzntaunMhrEBbuLFgulyyqMzVBE5Ho7FhjJCiYA4JHC9pe%2FgFTXe%2FCsqytvRRos7%2F55%2BVv%2B8i2GUdtgOqeBpHQeUxIe1ruqz%2FmRuoCAlNwBprgb%2BlQN9SOBkfglKhFvfQT3YAcb0R%2FjL0hLhel4rxh54B44ibyMcvdpcxmCGTYI0UwSlckakIozGPdss87zGEfiD8bQSuRsKR3YKlD9qGAl6gX9HvZO44KXdHtupm9SWTo3WQQV0pXkBPXecrVLTQscN6io2jnVaFndIwdNwuWmKtx1HNSCrUkiyUGZ3FpPHvE7X48%2Bhb&nvMid=29619782067&catId=50001519
Apple 아이폰 13 Pro Max 자급제 256GB 시에라 블루,"1,579,470원",https://cr.shopping.naver.com/adcr.nhn?x=YiuRvoY7rifW0hU37GmNZP%2F%2F%2Fw%3D%3DsyY7AowHIQfLjaSeho9n%2FF3E4norW%2B3GbjXWXOZnaojgbsBKbbjTB%2BBCjsLv6tz%2BjPdOyu3hMvj0p7GRbgjQMyZB1oBF1F7d8X5ufi1l6w2OMBTdSG%2FNhLb9GrEWe2QUvnCoTq5%2BmQX6YTbS2yPt9vHULJJH%2BMKqMyaVu%2BUeO3m60%2B85WmSKK5LY2dJjcChMGEH%2BAaYhDPzU3ewm5W9RQFVg48q4ovEcw99T7g4vUYeyH393UTlyXABqT5EgU5Glo2dgTh8HspehMSGgwgeXwTrS5nP%2B8vPWPfSBwfu8dRnVrDnq2lNtECbxPpTr%2BJkQ5qBXeVOQ1py9VOVNR%2ByCm2cv%2BjB2erv%2BZ%2Brrs5VHOiTRLlIk0uAh1LVcUK1nkYRMYti%2BPNEGV3xCIE15UGSIQdvvb3pgLVwCDw5RCAR%2BV%2BnPYe9CsbWrnsboog%2B94RL%2FIgNc0uZEJJru0rWMh3jGtJVsEKUBtXIFzs%2F5EMU7%2FuZHGc4rMR7shA2z21jJoflWDLNlOdZC%2BSRbldNZNY5FSCdE3A0AFT3L6jJTKgqnhHq3j8rA1kHc4dhq%2FPdvNYYo%2FXZ76KJZClTaLoisbxYrSEHlN%2F9nTHM9Vdkthy5RHfI99TdyiLko3m6dqaVujGoiyhgL9sQPcYLlZAiSaaH3d7kdanVQcF2ndRu2eYoW2u5VOwWZuzfeMyvaJQs81%2B%2BZeDhLBwu%2FFQS5xWYf5w6G3jQ%3D%3D&nvMid=29056562163&catId=50001519
Apple 아이폰 13 Pro Max 자급제 256GB 실버,"1,579,470원",https://cr.shopping.naver.com/adcr.nhn?x=ajCaDXbOe6a5NBDJTkbT4f%2F%2F%2Fw%3D%3DsNOxBLBP39AM0VrrtP8y%2Fzal19bxWHRpTh%2BAQ9wlfJ81hJz9H0Ub4KLvuVTVtNMxMsZMJMBWS1gRO9VUyLpkuCNuGJeZQuqzecl6BLO1QXBD5OLh%2FdNMdQYXfKJMA7%2FKYx1v4qjIbt%2FCnSnL%2FdPEFJm3JzeXxkSdTecfUR4%2FvRQjd%2BKwjnmE8nmku4yNhWgwhmfLAARyRl0caaiEG3Q2bq8qTzqn6P1DP1IgJ5KU6NAQtbHG0Q%2BgNOTLoTaIFsLOrowk2CDdmXVsG3WIVzsPxyKK5uUEs%2BqMGnIyvfnClDLB%2BVDDGEBtC4cnjQtus6aXOcU5ZNhORn7mQb9atcmxtZFVd6Z%2BmZ5fvTALbBBPmfKLmnGLANk9TjQtjOEdf9xG%2FAUqpSZqcdR6r7wQvbc1ChYUGqVixlRawlOfNP3JaNpcr3wpohlrhUETRXnCpgZJOjPaj2vt5CD5kP5cot8mCI4wefsEME1qpc2agpsB5My9rjZ2xmQBbSTpS2KGtxtV5%2BWgfrfroNvzHWX4Eg3iJVgPtGsect%2Bz137CUgL8w3%2BM9LH37yOODS%2FK4zdoqjwRG33ygu6lFz%2FpcdQfWyLEnoqzrRwZCcIf4oyWOb610UiqPBimPDZwOttZjcrwUclZ9fG8N7mRfkoNbZvW70kzTRtR5ijpbDoer%2FnzhvJIqZXZoaKZHilHbuauHUigNM5KA&nvMid=29477160010&catId=50001519
애플 APLLE 아이폰13 프로 128GB 미개통 미개봉 새상품,"1,189,000원",https://cr.shopping.naver.com/adcr.nhn?x=hAafYiUxnZTpShdBdbgSY%2F%2F%2F%2Fw%3D%3DslkRrzg6MJZWqsghC8X6ldI914BzhCPLkOeeo2%2BzsreMbsBKbbjTB%2BBCjsLv6tz%2Bj5v7OtrDKOf3ZxtdkLehTAERMR6SNWh58cRDwaVCp9xmMBTdSG%2FNhLb9GrEWe2QUv%2FuC9QvowE4k8%2BCJjYbi1NSEZeoQHMcdY%2BBmIxWKmM6UYU9jgztfft7b6b5ZIhhGI5zq%2BSXh%2FmOUTYEDHT3kYiIsFwae0BHwdZpQbOfz6J3PnGVixSQsr7jBpFWXYtAsLA5yJ5A0ZHWpnuDoUxfsvwiJiuf%2BuN2z0hTDr%2BqeT%2FlpXz3hQdRk3Bxs1MtP6jefYVhF3l8Emrmz7tKlGsUHzz2vqR2unsG9Pw6XBns%2FftjJmn%2B6FVZ%2Fm0w7K7lHYQAO7MKW5oDxyzYZL3KNdv3%2Fm912tT2AG9M5jxdXEaCkbHF0jNPONCtHUki1ndDqhy%2Bda4qC4OElTWHUsamPA4LHASqGvQMRXGH1oodgIYoYpyFaJOiigd4Inf6j5F0NOICWjJzAT7Y%2BAbqu6Q9QN8oEjBN7jGO%2BwSrMuor%2FdWk%2BGjnaIpvKgfF%2B7O38%2F%2BLkM%2FK0JucR2XQvAoA9n7ssptY%2FNMPnKyQ49uKJiTGXuktVubtqr7VAb36ErED7xDOmVlGU6Kv6ZEkRudQarPdq92cwUuiKE7AjfZ0ve0gdYL9aM2vgDfkLIyuldBS3f8m8e6nLmzUhNzs2VE%2B%2Bisqs3JAEppg%3D%3D&nvMid=29023511807&catId=50001519
